Workbook

Sheet weather_data
A1: record_id | B1: timestamp | C1: name | D1: temp | E1: feels_like | F1: humidity | G1: pressure | H1: description | I1: wind
A2: 1 | B2: 45754.59 | C2: Lisbon | D2: 15.7 | E2: 14.7 | F2: 70 | G2: 1020 | H2: clear sky | I2: 18.6
A3: 2 | B3: 45755.708 | C3: Lisbon | D3: 16.7 | E3: 16.9 | F3: 85 | G3: 1015 | H3: moderate rain | I3: 26.6
A4: 3 | B4: 45756.556 | C4: Lisbon | D4: 15.5 | E4: 14.6 | F4: 77 | G4: 1020 | H4: scattered clouds | I4: 23.3
A5: 4 | B5: 45757.632 | C5: Lisbon | D5: 18.3 | E5: 18.9 | F5: 69 | G5: 1022 | H5: clear sky | I5: 17.2
A6: 5 | B6: 45758.861 | C6: Lisbon | D6: 14.4 | E6: 14.6 | F6: 65 | G6: 1017 | H6: clear sky | I6: 18.8
A7: 6 | B7: 45759.653 | C7: Lisbon | D7: 16.1 | E7: 16.9 | F7: 84 | G7: 1016 | H7: light rain | I7: 19.2
A8: 7 | B8: 45760.285 | C8: Lisbon | D8: 15 | E8: 15.1 | F8: 82 | G8: 1017 | H8: clear sky | I8: 21
A9: 8 | B9: 45761.66 | C9: Lisbon | D9: 17.2 | E9: 17.9 | F9: 81 | G9: 1018 | H9: clear sky | I9: 25.4
A10: 9 | B10: 45762.382 | C10: Lisbon | D10: 16.3 | E10: 16.3 | F10: 95 | G10: 1016 | H10: moderate rain | I10: 26.5
A11: 10 | B11: 45763.583 | C11: Lisbon | D11: 18.5 | E11: 18.3 | F11: 63 | G11: 1022 | H11: clear sky | I11: 17.6
A12: 11 | B12: 45764.41 | C12: Lisbon | D12: 12.8 | E12: 12 | F12: 67 | G12: 1023 | H12: clear sky | I12: 16.1
A13: 12 | B13: 45765.431 | C13: Lisbon | D13: 15.9 | E13: 15.9 | F13: 88 | G13: 1014 | H13: few clouds | I13: 17.1
... A351: 350 | B351: 46117.785 | C351: Lisbon | D351: 18.1 | E351: 19.1 | F351: 79 | G351: 1018 | H351: clear sky | I351: 16.8

Sheet README
A1: Lisbon weather dataset (synthetic)
A3: Miasto | B3: Lisbon
A4: Liczba rekordów | B4: 350
A5: Zakres dat | B5: 45754 | C5: 46117
A6: Typ danych | B6: synthetic / generated
A7: Kolumny | B7: record_id, timestamp, name, temp_c, feels_like_c, humidity_pct, pressure_hpa, description, wind_speed_kmh
A9: Użycie | B9: Gotowe pod wykresy: trend temperatury, sezonowość, rozkład wilgotności, korelacja wiatr–odczuwalna temperatura.

Sheet viz_helper
A1: timestamp | B1: date_only | C1: year_month | D1: month_num | E1: month_name | F1: quarter | G1: season | H1: temp_delta | I1: rainy_flag | J1: windy_flag
A2: =weather_data!B2 -> 45754.59 | B2: =INT(A2) -> 45754 | C2: =TEXT(B2,"yyyy-mm") -> 2025-04 | D2: =MONTH(B2) -> 4 | E2: =TEXT(B2,"mmmm") -> kwietnia | F2: ="Q"&ROUNDUP(D2/3,0) -> Q2 | G2: =IF(OR(D2=12,D2<=2),"Winter",IF(D2<=5,"Spring",IF(D2<=8,"Summer","Autumn"))) -> Spring | H2: =weather_data!E2-weather_data!D2 -> -1 | I2: =IF(OR(weather_data!H2="light rain",weather_data!H2="moderate rain",weather_data!H2="drizzle",weather_data!H2="thunderstorm"),1,0) -> 0 | J2: =IF(weather_data!I2>=25,1,0) -> 0
A3: =weather_data!B3 -> 45755.708 | B3: =INT(A3) -> 45755 | C3: =TEXT(B3,"yyyy-mm") -> 2025-04 | D3: =MONTH(B3) -> 4 | E3: =TEXT(B3,"mmmm") -> kwietnia | F3: ="Q"&ROUNDUP(D3/3,0) -> Q2 | G3: =IF(OR(D3=12,D3<=2),"Winter",IF(D3<=5,"Spring",IF(D3<=8,"Summer","Autumn"))) -> Spring | H3: =weather_data!E3-weather_data!D3 -> 0.2 | I3: =IF(OR(weather_data!H3="light rain",weather_data!H3="moderate rain",weather_data!H3="drizzle",weather_data!H3="thunderstorm"),1,0) -> 1 | J3: =IF(weather_data!I3>=25,1,0) -> 1
A4: =weather_data!B4 -> 45756.556 | B4: =INT(A4) -> 45756 | C4: =TEXT(B4,"yyyy-mm") -> 2025-04 | D4: =MONTH(B4) -> 4 | E4: =TEXT(B4,"mmmm") -> kwietnia | F4: ="Q"&ROUNDUP(D4/3,0) -> Q2 | G4: =IF(OR(D4=12,D4<=2),"Winter",IF(D4<=5,"Spring",IF(D4<=8,"Summer","Autumn"))) -> Spring | H4: =weather_data!E4-weather_data!D4 -> -0.9 | I4: =IF(OR(weather_data!H4="light rain",weather_data!H4="moderate rain",weather_data!H4="drizzle",weather_data!H4="thunderstorm"),1,0) -> 0 | J4: =IF(weather_data!I4>=25,1,0) -> 0
A5: =weather_data!B5 -> 45757.632 | B5: =INT(A5) -> 45757 | C5: =TEXT(B5,"yyyy-mm") -> 2025-04 | D5: =MONTH(B5) -> 4 | E5: =TEXT(B5,"mmmm") -> kwietnia | F5: ="Q"&ROUNDUP(D5/3,0) -> Q2 | G5: =IF(OR(D5=12,D5<=2),"Winter",IF(D5<=5,"Spring",IF(D5<=8,"Summer","Autumn"))) -> Spring | H5: =weather_data!E5-weather_data!D5 -> 0.6 | I5: =IF(OR(weather_data!H5="light rain",weather_data!H5="moderate rain",weather_data!H5="drizzle",weather_data!H5="thunderstorm"),1,0) -> 0 | J5: =IF(weather_data!I5>=25,1,0) -> 0
A6: =weather_data!B6 -> 45758.861 | B6: =INT(A6) -> 45758 | C6: =TEXT(B6,"yyyy-mm") -> 2025-04 | D6: =MONTH(B6) -> 4 | E6: =TEXT(B6,"mmmm") -> kwietnia | F6: ="Q"&ROUNDUP(D6/3,0) -> Q2 | G6: =IF(OR(D6=12,D6<=2),"Winter",IF(D6<=5,"Spring",IF(D6<=8,"Summer","Autumn"))) -> Spring | H6: =weather_data!E6-weather_data!D6 -> 0.2 | I6: =IF(OR(weather_data!H6="light rain",weather_data!H6="moderate rain",weather_data!H6="drizzle",weather_data!H6="thunderstorm"),1,0) -> 0 | J6: =IF(weather_data!I6>=25,1,0) -> 0
A7: =weather_data!B7 -> 45759.653 | B7: =INT(A7) -> 45759 | C7: =TEXT(B7,"yyyy-mm") -> 2025-04 | D7: =MONTH(B7) -> 4 | E7: =TEXT(B7,"mmmm") -> kwietnia | F7: ="Q"&ROUNDUP(D7/3,0) -> Q2 | G7: =IF(OR(D7=12,D7<=2),"Winter",IF(D7<=5,"Spring",IF(D7<=8,"Summer","Autumn"))) -> Spring | H7: =weather_data!E7-weather_data!D7 -> 0.8 | I7: =IF(OR(weather_data!H7="light rain",weather_data!H7="moderate rain",weather_data!H7="drizzle",weather_data!H7="thunderstorm"),1,0) -> 1 | J7: =IF(weather_data!I7>=25,1,0) -> 0
A8: =weather_data!B8 -> 45760.285 | B8: =INT(A8) -> 45760 | C8: =TEXT(B8,"yyyy-mm") -> 2025-04 | D8: =MONTH(B8) -> 4 | E8: =TEXT(B8,"mmmm") -> kwietnia | F8: ="Q"&ROUNDUP(D8/3,0) -> Q2 | G8: =IF(OR(D8=12,D8<=2),"Winter",IF(D8<=5,"Spring",IF(D8<=8,"Summer","Autumn"))) -> Spring | H8: =weather_data!E8-weather_data!D8 -> 0.1 | I8: =IF(OR(weather_data!H8="light rain",weather_data!H8="moderate rain",weather_data!H8="drizzle",weather_data!H8="thunderstorm"),1,0) -> 0 | J8: =IF(weather_data!I8>=25,1,0) -> 0
A9: =weather_data!B9 -> 45761.66 | B9: =INT(A9) -> 45761 | C9: =TEXT(B9,"yyyy-mm") -> 2025-04 | D9: =MONTH(B9) -> 4 | E9: =TEXT(B9,"mmmm") -> kwietnia | F9: ="Q"&ROUNDUP(D9/3,0) -> Q2 | G9: =IF(OR(D9=12,D9<=2),"Winter",IF(D9<=5,"Spring",IF(D9<=8,"Summer","Autumn"))) -> Spring | H9: =weather_data!E9-weather_data!D9 -> 0.7 | I9: =IF(OR(weather_data!H9="light rain",weather_data!H9="moderate rain",weather_data!H9="drizzle",weather_data!H9="thunderstorm"),1,0) -> 0 | J9: =IF(weather_data!I9>=25,1,0) -> 1
A10: =weather_data!B10 -> 45762.382 | B10: =INT(A10) -> 45762 | C10: =TEXT(B10,"yyyy-mm") -> 2025-04 | D10: =MONTH(B10) -> 4 | E10: =TEXT(B10,"mmmm") -> kwietnia | F10: ="Q"&ROUNDUP(D10/3,0) -> Q2 | G10: =IF(OR(D10=12,D10<=2),"Winter",IF(D10<=5,"Spring",IF(D10<=8,"Summer","Autumn"))) -> Spring | H10: =weather_data!E10-weather_data!D10 -> 0 | I10: =IF(OR(weather_data!H10="light rain",weather_data!H10="moderate rain",weather_data!H10="drizzle",weather_data!H10="thunderstorm"),1,0) -> 1 | J10: =IF(weather_data!I10>=25,1,0) -> 1
A11: =weather_data!B11 -> 45763.583 | B11: =INT(A11) -> 45763 | C11: =TEXT(B11,"yyyy-mm") -> 2025-04 | D11: =MONTH(B11) -> 4 | E11: =TEXT(B11,"mmmm") -> kwietnia | F11: ="Q"&ROUNDUP(D11/3,0) -> Q2 | G11: =IF(OR(D11=12,D11<=2),"Winter",IF(D11<=5,"Spring",IF(D11<=8,"Summer","Autumn"))) -> Spring | H11: =weather_data!E11-weather_data!D11 -> -0.2 | I11: =IF(OR(weather_data!H11="light rain",weather_data!H11="moderate rain",weather_data!H11="drizzle",weather_data!H11="thunderstorm"),1,0) -> 0 | J11: =IF(weather_data!I11>=25,1,0) -> 0
A12: =weather_data!B12 -> 45764.41 | B12: =INT(A12) -> 45764 | C12: =TEXT(B12,"yyyy-mm") -> 2025-04 | D12: =MONTH(B12) -> 4 | E12: =TEXT(B12,"mmmm") -> kwietnia | F12: ="Q"&ROUNDUP(D12/3,0) -> Q2 | G12: =IF(OR(D12=12,D12<=2),"Winter",IF(D12<=5,"Spring",IF(D12<=8,"Summer","Autumn"))) -> Spring | H12: =weather_data!E12-weather_data!D12 -> -0.8 | I12: =IF(OR(weather_data!H12="light rain",weather_data!H12="moderate rain",weather_data!H12="drizzle",weather_data!H12="thunderstorm"),1,0) -> 0 | J12: =IF(weather_data!I12>=25,1,0) -> 0
A13: =weather_data!B13 -> 45765.431 | B13: =INT(A13) -> 45765 | C13: =TEXT(B13,"yyyy-mm") -> 2025-04 | D13: =MONTH(B13) -> 4 | E13: =TEXT(B13,"mmmm") -> kwietnia | F13: ="Q"&ROUNDUP(D13/3,0) -> Q2 | G13: =IF(OR(D13=12,D13<=2),"Winter",IF(D13<=5,"Spring",IF(D13<=8,"Summer","Autumn"))) -> Spring | H13: =weather_data!E13-weather_data!D13 -> 0 | I13: =IF(OR(weather_data!H13="light rain",weather_data!H13="moderate rain",weather_data!H13="drizzle",weather_data!H13="thunderstorm"),1,0) -> 0 | J13: =IF(weather_data!I13>=25,1,0) -> 0
... A351: =weather_data!B351 -> 46117.785 | B351: =INT(A351) -> 46117 | C351: =TEXT(B351,"yyyy-mm") -> 2026-04 | D351: =MONTH(B351) -> 4 | E351: =TEXT(B351,"mmmm") -> kwietnia | F351: ="Q"&ROUNDUP(D351/3,0) -> Q2 | G351: =IF(OR(D351=12,D351<=2),"Winter",IF(D351<=5,"Spring",IF(D351<=8,"Summer","Autumn"))) -> Spring | H351: =weather_data!E351-weather_data!D351 -> 1 | I351: =IF(OR(weather_data!H351="light rain",weather_data!H351="moderate rain",weather_data!H351="drizzle",weather_data!H351="thunderstorm"),1,0) -> 0 | J351: =IF(weather_data!I351>=25,1,0) -> 0
